id,nombre,email,dni,ID_producto,observaciones;
1,Roley,rprickett0@usgs.gov,18629557,458_BATIDORA,hola amigos;
2,Nicolis,nroches1@twitpic.com,30822227,324_MONITOR,Aliquam sit amet ;
3,Marcus,mblyden2@soundcloud.com,18452878,324_MONITOR,Mauris sit amet eros;
4,Casey,cteague3@shop-pro.jp,15125808,324_MONITOR,Nullam molestie nibh in lectus;
5,Faye,falexandersen4@fastcompany.com,15196276,324_MONITOR,Aenean lectus.;
6,Francine,fpoulston5@state.tx.us,22169458,789_TOSTADORA,Sed vel enim sit amet nunc viverra dapibus;
7,Chester,csnelgrove6@mapquest.com,30739088,343_TV_LED,Maecenas tristique, est et tempus semper ;" Mauris viverra diam vitae quam."""
8,Bonnie,bherrero7@xing.com,32894631,324_MONITOR,Cras non velit nec nisi vulputate nonummy.;
9,Danice,dazema8@sogou.com,32719893,789_TOSTADORA,Vivamus in felis eu sapien cursus vestibulum.;
10,Roley,rprickett0@usgs.gov,18629557,458_BATIDORA,hola amigos;
11,Danice,dazema8@sogou.com,32719893,789_TOSTADORA,Vivamus in felis eu sapien cursus vestibulum.;
12,Danice,dazema8@sogou.com,32719893,789_TOSTADORA,Vivamus in felis eu sapien cursus vestibulum.;
13,Roley,rprickett0@usgs.gov,18629557,458_BATIDORA,hola amigos;
14,Roley,rprickett0@usgs.gov,18629557,458_BATIDORA,hola amigos;
